{"cameraMode":{"drawMode":0,"name":"Shaded","section":"Shading Mode"},"sceneLighting":true,"audioPlay":false,"sceneViewState":{"showFog":true,"showMaterialUpdate":true,"showSkybox":true,"showFlares":true,"showImageEffects":true,"showParticleSystems":true},"in2DMode":false,"pivot":{"x":1.9800000190734864,"y":8.979999542236329,"z":13.0},"rotation":{"x":-0.16045644879341126,"y":0.11725830286741257,"z":-0.019195247441530229,"w":-0.9798785448074341},"size":48.72003173828125,"orthographic":false}