{"cameraMode":{"drawMode":0,"name":"Shaded","section":"Shading Mode"},"sceneLighting":true,"audioPlay":false,"sceneViewState":{"showFog":true,"showMaterialUpdate":true,"showSkybox":true,"showFlares":true,"showImageEffects":true,"showParticleSystems":true},"in2DMode":false,"pivot":{"x":19.110837936401368,"y":6.487933158874512,"z":9.752111434936524},"rotation":{"x":-0.23056264221668244,"y":-0.11441419273614884,"z":0.027316350489854814,"w":-0.9659355282783508},"size":44.138973236083987,"orthographic":false}