{"cameraMode":{"drawMode":0,"name":"Shaded","section":"Shading Mode"},"sceneLighting":true,"audioPlay":false,"sceneViewState":{"showFog":true,"showMaterialUpdate":true,"showSkybox":true,"showFlares":true,"showImageEffects":true,"showParticleSystems":true},"in2DMode":false,"pivot":{"x":1.6580541133880616,"y":1.2768025398254395,"z":0.0276947021484375},"rotation":{"x":-0.22307473421096803,"y":-0.05348560959100723,"z":0.012267556972801686,"w":-0.9732704758644104},"size":17.06618881225586,"orthographic":false}