{"cameraMode":{"drawMode":0,"name":"Shaded","section":"Shading Mode"},"sceneLighting":true,"audioPlay":false,"sceneViewState":{"showFog":true,"showMaterialUpdate":true,"showSkybox":true,"showFlares":true,"showImageEffects":true,"showParticleSystems":true},"in2DMode":false,"pivot":{"x":11.715709686279297,"y":3.0276107788085939,"z":8.480426788330079},"rotation":{"x":-0.1575949788093567,"y":-0.334257572889328,"z":0.05680159479379654,"w":-0.9274901151657105},"size":65.94908142089844,"orthographic":false}