{"cameraMode":{"drawMode":0,"name":"Shaded","section":"Shading Mode"},"sceneLighting":true,"audioPlay":false,"sceneViewState":{"showFog":true,"showMaterialUpdate":true,"showSkybox":true,"showFlares":true,"showImageEffects":true,"showParticleSystems":true},"in2DMode":false,"pivot":{"x":0.34691062569618227,"y":2.6686410903930666,"z":0.6669387817382813},"rotation":{"x":-0.1289483606815338,"y":0.006543494760990143,"z":-0.0008513553766533732,"w":-0.991640031337738},"size":6.884307861328125,"orthographic":false}