{"cameraMode":{"drawMode":0,"name":"Shaded","section":"Shading Mode"},"sceneLighting":true,"audioPlay":false,"sceneViewState":{"showFog":true,"showMaterialUpdate":true,"showSkybox":true,"showFlares":true,"showImageEffects":true,"showParticleSystems":true},"in2DMode":false,"pivot":{"x":-9.135058403015137,"y":0.1400003433227539,"z":-16.212533950805665},"rotation":{"x":-0.13647247850894929,"y":0.5719808340072632,"z":-0.09715316444635391,"w":-0.8030208349227905},"size":28.192739486694337,"orthographic":false}