{"cameraMode":{"drawMode":0,"name":"Shaded","section":"Shading Mode"},"sceneLighting":false,"audioPlay":false,"sceneViewState":{"showFog":true,"showMaterialUpdate":true,"showSkybox":false,"showFlares":true,"showImageEffects":true,"showParticleSystems":true},"in2DMode":false,"pivot":{"x":-2.2758638858795168,"y":0.2253125011920929,"z":0.8407087326049805},"rotation":{"x":-0.32857346534729006,"y":-0.24077783524990083,"z":0.08702079206705094,"w":-0.9091235995292664},"size":10.45063591003418,"orthographic":false}