{"cameraMode":{"drawMode":0,"name":"Shaded","section":"Shading Mode"},"sceneLighting":false,"audioPlay":false,"sceneViewState":{"showFog":true,"showMaterialUpdate":true,"showSkybox":false,"showFlares":true,"showImageEffects":true,"showParticleSystems":true},"in2DMode":false,"pivot":{"x":0.4178759455680847,"y":0.5227146148681641,"z":0.31903985142707827},"rotation":{"x":-0.32792025804519656,"y":0.2607579827308655,"z":-0.09468459337949753,"w":-0.9030748605728149},"size":0.1343843936920166,"orthographic":false}