{"cameraMode":{"drawMode":0,"name":"Shaded","section":"Shading Mode"},"sceneLighting":false,"audioPlay":false,"sceneViewState":{"showFog":true,"showMaterialUpdate":true,"showSkybox":false,"showFlares":true,"showImageEffects":true,"showParticleSystems":true},"in2DMode":false,"pivot":{"x":-0.5520488023757935,"y":1.7458465099334717,"z":0.6492384076118469},"rotation":{"x":-0.15593107044696809,"y":0.1235445961356163,"z":-0.01961922086775303,"w":-0.9798492789268494},"size":1.9518325328826905,"orthographic":false}