{"cameraMode":{"drawMode":0,"name":"Shaded","section":"Shading Mode"},"sceneLighting":false,"audioPlay":false,"sceneViewState":{"showFog":true,"showMaterialUpdate":true,"showSkybox":false,"showFlares":true,"showImageEffects":true,"showParticleSystems":true},"in2DMode":false,"pivot":{"x":0.0,"y":0.7239999771118164,"z":-2.4809999465942385},"rotation":{"x":-0.2842552363872528,"y":0.24855154752731324,"z":-0.07656276971101761,"w":-0.9228090643882752},"size":0.7144709229469299,"orthographic":false}