{"cameraMode":{"drawMode":0,"name":"Shaded","section":"Shading Mode"},"sceneLighting":true,"audioPlay":false,"sceneViewState":{"showFog":true,"showMaterialUpdate":true,"showSkybox":true,"showFlares":true,"showImageEffects":true,"showParticleSystems":true},"in2DMode":false,"pivot":{"x":2.3519129753112795,"y":0.11604189872741699,"z":-0.8672478199005127},"rotation":{"x":-0.30381807684898379,"y":-0.27291420102119448,"z":0.0912916287779808,"w":-0.9082437753677368},"size":3.4590988159179689,"orthographic":false}