{"cameraMode":{"drawMode":0,"name":"Shaded","section":"Shading Mode"},"sceneLighting":true,"audioPlay":false,"sceneViewState":{"showFog":true,"showMaterialUpdate":true,"showSkybox":true,"showFlares":true,"showImageEffects":true,"showParticleSystems":true},"in2DMode":false,"pivot":{"x":4.763172149658203,"y":-6.802126884460449,"z":14.40555191040039},"rotation":{"x":-0.18865257501602174,"y":-0.10085639357566834,"z":0.019482217729091646,"w":-0.9766668081283569},"size":35.02467346191406,"orthographic":false}