{"cameraMode":{"drawMode":0,"name":"Shaded","section":"Shading Mode"},"sceneLighting":true,"audioPlay":false,"sceneViewState":{"showFog":true,"showMaterialUpdate":true,"showSkybox":true,"showFlares":true,"showImageEffects":true,"showParticleSystems":true},"in2DMode":false,"pivot":{"x":2.001209259033203,"y":-0.7545480728149414,"z":4.357621669769287},"rotation":{"x":-0.18327875435352326,"y":-0.07127988338470459,"z":0.013364918529987336,"w":-0.9804168343544006},"size":9.260597229003907,"orthographic":false}