{"cameraMode":{"drawMode":0,"name":"Shaded","section":"Shading Mode"},"sceneLighting":true,"audioPlay":false,"sceneViewState":{"showFog":true,"showMaterialUpdate":true,"showSkybox":true,"showFlares":true,"showImageEffects":true,"showParticleSystems":true},"in2DMode":false,"pivot":{"x":0.7755345106124878,"y":-0.041632652282714847,"z":6.017534255981445},"rotation":{"x":-0.23487624526023866,"y":-0.04168740659952164,"z":0.010082458145916462,"w":-0.9710938930511475},"size":14.284526824951172,"orthographic":false}