{"cameraMode":{"drawMode":0,"name":"Shaded","section":"Shading Mode"},"sceneLighting":true,"audioPlay":false,"sceneViewState":{"showFog":true,"showMaterialUpdate":true,"showSkybox":true,"showFlares":true,"showImageEffects":true,"showParticleSystems":true},"in2DMode":false,"pivot":{"x":-0.6153545379638672,"y":1.0295912027359009,"z":-1.4416581392288209},"rotation":{"x":-0.18966008722782136,"y":0.6477055549621582,"z":-0.171128049492836,"w":-0.717814564704895},"size":1.9657070636749268,"orthographic":false}