{"cameraMode":{"drawMode":0,"name":"Shaded","section":"Shading Mode"},"sceneLighting":false,"audioPlay":false,"sceneViewState":{"showFog":true,"showMaterialUpdate":true,"showSkybox":false,"showFlares":true,"showImageEffects":true,"showParticleSystems":true},"in2DMode":false,"pivot":{"x":-4.519999980926514,"y":0.5400000214576721,"z":-2.3499999046325685},"rotation":{"x":-0.25440120697021487,"y":0.0874740406870842,"z":-0.023109596222639085,"w":-0.9628649353981018},"size":0.07144679874181748,"orthographic":false}